{"cameraMode":{"drawMode":0,"name":"Shaded","section":"Shading Mode"},"sceneLighting":true,"audioPlay":false,"sceneViewState":{"showFog":true,"showMaterialUpdate":false,"showSkybox":true,"showFlares":true,"showImageEffects":true,"showParticleSystems":true},"in2DMode":false,"pivot":{"x":1.7177398204803467,"y":2.5784831047058107,"z":253.7139892578125},"rotation":{"x":-0.13371603190898896,"y":0.7704815864562988,"z":-0.1719711720943451,"w":-0.5990862846374512},"size":5.3009772300720219,"orthographic":false}