{"cameraMode":{"drawMode":0,"name":"Shaded","section":"Shading Mode"},"sceneLighting":false,"audioPlay":false,"sceneViewState":{"showFog":true,"showMaterialUpdate":false,"showSkybox":false,"showFlares":true,"showImageEffects":true,"showParticleSystems":true},"in2DMode":false,"pivot":{"x":-0.18792200088500977,"y":1.2016689777374268,"z":9.5367431640625e-7},"rotation":{"x":-0.13934311270713807,"y":-0.0056474884040653709,"z":0.0007946458063088357,"w":-0.9902290105819702},"size":61.941383361816409,"orthographic":false}