{"cameraMode":{"drawMode":0,"name":"Shaded","section":"Shading Mode"},"sceneLighting":false,"audioPlay":false,"sceneViewState":{"showFog":true,"showMaterialUpdate":false,"showSkybox":false,"showFlares":true,"showImageEffects":true,"showParticleSystems":true},"in2DMode":false,"pivot":{"x":6.862555027008057,"y":0.580054759979248,"z":39.83428955078125},"rotation":{"x":0.024196123704314233,"y":0.8011392951011658,"z":0.0324639268219471,"w":-0.5971062183380127},"size":4.957884311676025,"orthographic":false}