{"cameraMode":{"drawMode":0,"name":"Shaded","section":"Shading Mode"},"sceneLighting":false,"audioPlay":false,"sceneViewState":{"showFog":true,"showMaterialUpdate":false,"showSkybox":false,"showFlares":true,"showImageEffects":true,"showParticleSystems":true},"in2DMode":false,"pivot":{"x":2.5196285247802736,"y":15.190873146057129,"z":2.098024845123291},"rotation":{"x":0.09541316330432892,"y":0.0540219284594059,"z":0.005185672547668219,"w":-0.9939585328102112},"size":37.222225189208987,"orthographic":false}